ANTON,ANTON@test.com,77105989436
BERGS,BERGS@test.com,77256124565
BOLID,BOLID@test.com,71773711173
BOTTM,BOTTM@test.com,71079961026
ERNSH,ERNSH@test.com,70387757177
GODOS,GODOS@test.com,72253794111
HUNGC,HUNGC@test.com,72423173891
PICCO,PICCO@test.com,72256697721
RATTC,RATTC@test.com,71887963471
REGGC,REGGC@test.com,72715612515
SAVEA,SAVEA@test.com,73122911661
SEVES,SEVES@test.com,71373821171
WHITC,WHITC@test.com,71639093881
ALFKI,ALFKI@test.com,71623030561
BOTTM,BOTTM@test.com,70245383641
ERNSH,ERNSH@test.com,72558433331
LINOD,LINOD@test.com,70321919321
QUICK,QUICK@test.com,72201064431
VAFFE,VAFFE@test.com,70536238413
ANTON,ANTON@test.com,72142701571
BERGS,BERGS@test.com,70201752271
BONAP,BONAP@test.com,70426647161
BOTTM,BOTTM@test.com,70092764371
BSBEV,BSBEV@test.com,72493248281
FRANS,FRANS@test.com,70017522291
HILAA,HILAA@test.com,70853002220
LAZYK,LAZYK@test.com,72173242520
LEHMS,LEHMS@test.com,71416709582
MAGAA,MAGAA@test.com,70441783152
OTTIK,OTTIK@test.com,74265810536
PERIC,PERIC@test.com,71476011177
QUEEN,QUEEN@test.com,71242766677
QUICK,QUICK@test.com,70174060206
RANCH,RANCH@test.com,71618496635
SAVEA,SAVEA@test.com,71491244998
TRAIH,TRAIH@test.com,75059894438
VAFFE,VAFFE@test.com,74565445465
ANATR,ANATR@test.com,75737555743
AROUT,AROUT@test.com,75099650464
BERGS,BERGS@test.com,71038757577
BOTTM,BOTTM@test.com,74145394555
CHOPS,CHOPS@test.com,74414353895
FAMIA,FAMIA@test.com,74451669445
FRANK,FRANK@test.com,75887196345
FURIB,FURIB@test.com,74755615455
GOURL,GOURL@test.com,75449551665
LEHMS,LEHMS@test.com,75738455175
MEREP,MEREP@test.com,75690938815
OTTIK,OTTIK@test.com,75640305651
QUEEN,QUEEN@test.com,70445836480
QUICK,QUICK@test.com,74558433351
RICAR,RICAR@test.com,79034595945
RICSU,RICSU@test.com,74940506445
SAVEA,SAVEA@test.com,70593643845
WARTH,WARTH@test.com,75449705575
WOLZA,WOLZA@test.com,70057954475
BERGS,BERGS@test.com,70466497565
BONAP,BONAP@test.com,70097649375
EASTC,EASTC@test.com,74493484985
FOLKO,FOLKO@test.com,70057544995
FURIB,FURIB@test.com,70853004059
MAGAA,MAGAA@test.com,70457344459
QUEEN,QUEEN@test.com,75405670958
QUICK,QUICK@test.com,70440578355
TRADH,TRADH@test.com,74658050536
WARTH,WARTH@test.com,75760505577
MAGAA,MAGAA@test.com,75447660677
THEBI,THEBI@test.com,70570604006
AROUT,AROUT@test.com,75658966305
BERGS,BERGS@test.com,75495449980
BLONP,BLONP@test.com,75059894358
DUMON,DUMON@test.com,74565445651
WARTH+A197:B268,WARTH@test.com,75737555732
ANTON,ANTON@test.com,75099650463
SAVEA,SAVEA@test.com,70387575774
THEBI,THEBI@test.com,74453945559
TOMSP,TOMSP@test.com,74443538957
VAFFE,VAFFE@test.com,74456694454
WHITC,WHITC@test.com,75887963452
ERNSH,ERNSH@test.com,74755654556
HUNGC,HUNGC@test.com,75449556658
LEHMS,LEHMS@test.com,75738455755
SEVES,SEVES@test.com,75690938854
BLAUS,BLAUS@test.com,75640305653
BSBEV,BSBEV@test.com,70445836459
CHOPS,CHOPS@test.com,74558433350
DUMON,DUMON@test.com,70345959457
ERNSH,ERNSH@test.com,74405064455
FOLIG,FOLIG@test.com,70536438454
FRANK,FRANK@test.com,75447055757
GODOS,GODOS@test.com,70057544757
GREAL,GREAL@test.com,70466475650
KOENE,KOENE@test.com,70097643759
LILAS,LILAS@test.com,74493484857
LINOD,LINOD@test.com,70057544951
MEREP,MEREP@test.com,70853004052
OCEAN,OCEAN@test.com,74573444593
PRINI,PRINI@test.com,75456709584
QUEEN,QUEEN@test.com,70445783555
QUICK,QUICK@test.com,74658505366
RANCH,RANCH@test.com,75760555777
SIMOB,SIMOB@test.com,75447666778
WANDK,WANDK@test.com,70570604069
WHITC,WHITC@test.com,75658966350
BERGS,BERGS@test.com,75495449989
BSBEV,BSBEV@test.com,70505989435
CACTU,CACTU@test.com,70456544565
EASTC,EASTC@test.com,70570370555
ERNSH,ERNSH@test.com,70509965046
FOLIG,FOLIG@test.com,70038705705
FRANK,FRANK@test.com,70445394555
FURIB,FURIB@test.com,70444353895
GREAL,GREAL@test.com,70445669445
LINOD,LINOD@test.com,70588709634
MEREP,MEREP@test.com,70470556545
QUEDE,QUEDE@test.com,70544955665
VICTE,VICTE@test.com,70570384557
WARTH,WARTH@test.com,70569093885
WHITC,WHITC@test.com,70564030565
FAMIA,FAMIA@test.com,70044583645
FRANK,FRANK@test.com,70455843335
FRANS,FRANS@test.com,70034595945
GODOS,GODOS@test.com,70440506445
GREAL,GREAL@test.com,70053643845
ISLAT,ISLAT@test.com,70544700557
LINOD,LINOD@test.com,70005705447
QUEDE,QUEDE@test.com,70046647056
QUEEN,QUEEN@test.com,70009706437
QUICK,QUICK@test.com,70449348485
RICAR,RICAR@test.com,70005705449
SAVEA,SAVEA@test.com,70085300405
SUPRD,SUPRD@test.com,70457034445
TOMSP,TOMSP@test.com,70545670095
TORTU,TORTU@test.com,70044570835
WANDK,WANDK@test.com,70465850536
WARTH,WARTH@test.com,70570605557
WELLI,WELLI@test.com,70544706667
BONAP,BONAP@test.com,70057006040
BSBEV,BSBEV@test.com,70565896635
FOLIG,FOLIG@test.com,70549544998
GOURL,GOURL@test.com,10505989435
OTTIK,OTTIK@test.com,10456544565
QUICK,QUICK@test.com,10570370555
SAVEA,SAVEA@test.com,10509965046
VAFFE,VAFFE@test.com,10038705705
VICTE,VICTE@test.com,10445394555
ALFKI,ALFKI@test.com,10444353895
ERNSH,ERNSH@test.com,10445669445
FOLIG,FOLIG@test.com,10588709634
HUNGO,HUNGO@test.com,10470556545
MORGK,MORGK@test.com,10544955665
PICCO,PICCO@test.com,10570384557
WHITC,WHITC@test.com,10569093885
LAMAI,LAMAI@test.com,10564030565
LINOD,LINOD@test.com,10044583645
OTTIK,OTTIK@test.com,10455843335
PICCO,PICCO@test.com,10034595945
QUICK,QUICK@test.com,10440506445
RATTC,RATTC@test.com,10053643845
RICAR,RICAR@test.com,10544700557
RICSU,RISCU@test.com,10005705447
VICTE,VICTE@test.com,10046647056
ANTON,ANTON@test.com,10009706437
EASTC,EASTC@test.com,10449348485
ERNSH,ERNSH@test.com,10005705449
FOLKO,FOLKO@test.com,10085300405
LAMAI,LAMAI@test.com,10457034445
SUPRD,SUPRD@test.com,10545670095
BOTTM,BOTTM@test.com,10044570835
BSBEV,BSBEV@test.com,10465850536
CONSH,CONSH@test.com,10570605557
FOLKO,FOLKO@test.com,10544706667
GREAL,GREAL@test.com,10057006040
ISLAT,ISLAT@test.com,10565896635
LEHMS,LEHMS@test.com,10549544998
LINOD,LINOD@test.com,17105989436
MAGAA,MAGAA@test.com,17256124565
MAISD,MAISD@test.com,11773711173
MORGK,MORGK@test.com,11019961026
QUICK,QUICK@test.com,10387757177
RICSU,RICSU@test.com,12253794111
SAVEA,SAVEA@test.com,12423173891
SIMOB,SIMOB@test.com,12256697721
VICTE,VICTE@test.com,11887963471
BONAP,BONAP@test.com,12715612515
GOURL,GOURL@test.com,13122911661
LEHMS,LEHMS@test.com,11373821171
QUEEN,QUEEN@test.com,11639093881
WILMK,WILMK@test.com,11623030561
ANTON,ANTON@test.com,10245383641
AROUT,AROUT@test.com,12558433331
BLAUS,BLAUS@test.com,10321919321
BONAP,BONAP@test.com,12201064431
BSBEV,BSBEV@test.com,10536238413
PICCO,PICCO@test.com,12142701571
TOMSP,TOMSP@test.com,10201752271
